{
  "Pokemon.Ability chlorophyll" : {
    "transaction" : "Pokemon.Ability chlorophyll",
    "sampleCount" : 68,
    "errorCount" : 0,
    "errorPct" : 0.0,
    "meanResTime" : 40.250000000000014,
    "medianResTime" : 34.0,
    "minResTime" : 25.0,
    "maxResTime" : 147.0,
    "pct1ResTime" : 51.80000000000001,
    "pct2ResTime" : 113.6999999999999,
    "pct3ResTime" : 147.0,
    "throughput" : 1.162432903689015,
    "receivedKBytesPerSec" : 2.8765005854901022,
    "sentKBytesPerSec" : 0.1464393013436357
  },
  "Pokemon.Pokemon 5" : {
    "transaction" : "Pokemon.Pokemon 5",
    "sampleCount" : 46,
    "errorCount" : 0,
    "errorPct" : 0.0,
    "meanResTime" : 232.08695652173913,
    "medianResTime" : 211.5,
    "minResTime" : 70.0,
    "maxResTime" : 1206.0,
    "pct1ResTime" : 363.20000000000016,
    "pct2ResTime" : 562.6499999999997,
    "pct3ResTime" : 1206.0,
    "throughput" : 0.7708678967037018,
    "receivedKBytesPerSec" : 168.1967013190639,
    "sentKBytesPerSec" : 0.09861688912908685
  },
  "Pokemon.Pokemon 4" : {
    "transaction" : "Pokemon.Pokemon 4",
    "sampleCount" : 46,
    "errorCount" : 0,
    "errorPct" : 0.0,
    "meanResTime" : 251.15217391304347,
    "medianResTime" : 229.0,
    "minResTime" : 85.0,
    "maxResTime" : 1259.0,
    "pct1ResTime" : 329.1,
    "pct2ResTime" : 405.15,
    "pct3ResTime" : 1259.0,
    "throughput" : 0.7710358699296012,
    "receivedKBytesPerSec" : 192.41594294753605,
    "sentKBytesPerSec" : 0.09863837789138452
  },
  "Pokemon.Ability solar-power" : {
    "transaction" : "Pokemon.Ability solar-power",
    "sampleCount" : 53,
    "errorCount" : 0,
    "errorPct" : 0.0,
    "meanResTime" : 36.64150943396227,
    "medianResTime" : 33.0,
    "minResTime" : 23.0,
    "maxResTime" : 72.0,
    "pct1ResTime" : 53.2,
    "pct2ResTime" : 65.09999999999998,
    "pct3ResTime" : 72.0,
    "throughput" : 0.907130387156403,
    "receivedKBytesPerSec" : 2.2440579215588947,
    "sentKBytesPerSec" : 0.11427716791325779
  },
  "Pokemon.Pokemon 3" : {
    "transaction" : "Pokemon.Pokemon 3",
    "sampleCount" : 46,
    "errorCount" : 0,
    "errorPct" : 0.0,
    "meanResTime" : 247.41304347826085,
    "medianResTime" : 232.0,
    "minResTime" : 66.0,
    "maxResTime" : 1233.0,
    "pct1ResTime" : 424.6,
    "pct2ResTime" : 495.4,
    "pct3ResTime" : 1233.0,
    "throughput" : 0.7745802953508344,
    "receivedKBytesPerSec" : 172.27015040118206,
    "sentKBytesPerSec" : 0.09909181512788995
  },
  "Pokemon.Pokemon 2" : {
    "transaction" : "Pokemon.Pokemon 2",
    "sampleCount" : 46,
    "errorCount" : 0,
    "errorPct" : 0.0,
    "meanResTime" : 213.17391304347825,
    "medianResTime" : 202.5,
    "minResTime" : 52.0,
    "maxResTime" : 1223.0,
    "pct1ResTime" : 328.90000000000015,
    "pct2ResTime" : 387.84999999999997,
    "pct3ResTime" : 1223.0,
    "throughput" : 0.7790668134473707,
    "receivedKBytesPerSec" : 147.4050512321111,
    "sentKBytesPerSec" : 0.09966577398594292
  },
  "GET Pokemons with this abilities" : {
    "transaction" : "GET Pokemons with this abilities",
    "sampleCount" : 4556,
    "errorCount" : 0,
    "errorPct" : 0.0,
    "meanResTime" : 51.513827919227296,
    "medianResTime" : 48.0,
    "minResTime" : 23.0,
    "maxResTime" : 215.0,
    "pct1ResTime" : 71.0,
    "pct2ResTime" : 83.0,
    "pct3ResTime" : 125.86000000000058,
    "throughput" : 77.79523256608155,
    "receivedKBytesPerSec" : 1633.0604925807663,
    "sentKBytesPerSec" : 10.559744867794208
  },
  "Pokemon.Pokemon 1" : {
    "transaction" : "Pokemon.Pokemon 1",
    "sampleCount" : 47,
    "errorCount" : 0,
    "errorPct" : 0.0,
    "meanResTime" : 233.38297872340416,
    "medianResTime" : 197.0,
    "minResTime" : 63.0,
    "maxResTime" : 1232.0,
    "pct1ResTime" : 386.80000000000024,
    "pct2ResTime" : 563.1999999999992,
    "pct3ResTime" : 1232.0,
    "throughput" : 0.7863476660532039,
    "receivedKBytesPerSec" : 169.67798762443533,
    "sentKBytesPerSec" : 0.10059721118454074
  },
  "Total" : {
    "transaction" : "Total",
    "sampleCount" : 5018,
    "errorCount" : 0,
    "errorPct" : 0.0,
    "meanResTime" : 59.31765643682727,
    "medianResTime" : 48.0,
    "minResTime" : 23.0,
    "maxResTime" : 1259.0,
    "pct1ResTime" : 80.0,
    "pct2ResTime" : 110.0,
    "pct3ResTime" : 288.6200000000008,
    "throughput" : 83.77854948577534,
    "receivedKBytesPerSec" : 2450.9522397415935,
    "sentKBytesPerSec" : 11.304147892805863
  },
  "Pokemon.Ability overgrow" : {
    "transaction" : "Pokemon.Ability overgrow",
    "sampleCount" : 71,
    "errorCount" : 0,
    "errorPct" : 0.0,
    "meanResTime" : 36.12676056338028,
    "medianResTime" : 32.0,
    "minResTime" : 23.0,
    "maxResTime" : 124.0,
    "pct1ResTime" : 49.999999999999986,
    "pct2ResTime" : 72.59999999999992,
    "pct3ResTime" : 124.0,
    "throughput" : 1.2416494701129728,
    "receivedKBytesPerSec" : 3.0720850748487285,
    "sentKBytesPerSec" : 0.15641873207477877
  },
  "Pokemon.Ability blaze" : {
    "transaction" : "Pokemon.Ability blaze",
    "sampleCount" : 39,
    "errorCount" : 0,
    "errorPct" : 0.0,
    "meanResTime" : 34.1025641025641,
    "medianResTime" : 32.0,
    "minResTime" : 23.0,
    "maxResTime" : 75.0,
    "pct1ResTime" : 44.0,
    "pct2ResTime" : 47.0,
    "pct3ResTime" : 75.0,
    "throughput" : 0.7028420047216565,
    "receivedKBytesPerSec" : 1.7391362195660403,
    "sentKBytesPerSec" : 0.08854161973544307
  }
}